date,campaign,channel,region,impressions,clicks,ctr,cpc,spend,conversions,conversion_rate,revenue,cac,roi,month,week,is_converted
2024-05-20,Holiday Push Q4,Google Display,Northeast,8920,385,0.0432,0.73,281.05,20,0.0532,2342.83,14.05,733.6,2024-05,21,1
2024-02-22,Lead Gen Spring,Instagram,Southeast,12343,314,0.0255,1.72,540.08,0,0.0004,0.0,39.925,-100.0,2024-02,8,0
2024-08-04,Product Launch Oct,Referral,Northeast,1653,19,0.0118,2.87,54.53,2,0.1145,230.29,27.27,322.32,2024-08,31,1
2024-04-21,Brand Awareness Q1,Google Search,Northeast,7714,199,0.0259,0.99,197.01,6,0.0335,527.64,32.84,167.82,2024-04,16,1
2024-01-14,Product Launch Oct,Instagram,West,6314,30,0.0049,0.85,25.5,3,0.1114,152.33,8.5,497.37,2024-01,2,1
2024-11-28,Holiday Push Q4,Referral,Southeast,3424,81,0.0238,1.06,85.86,6,0.0743,192.21,14.31,123.86,2024-11,48,1
2024-08-17,Lead Gen Spring,Referral,Southwest,1795,72,0.0403,1.74,125.28,7,0.1066,489.02,17.9,290.34,2024-08,33,1
2024-03-22,Brand Awareness Q1,Organic,Midwest,25021,1438,0.0575,3.58,5148.04,553,0.3847,19493.08,9.31,278.65,2024-03,12,1
2024-03-20,Retargeting Summer,TikTok,Midwest,5455,152,0.0279,2.14,325.28,10,0.0679,1017.71,32.53,212.87,2024-03,12,1
2024-02-17,Brand Awareness Q1,Instagram,Midwest,2691,188,0.0701,4.07,765.16,26,0.1412,921.83,29.43,20.48,2024-02,7,1
2024-06-25,Retargeting Summer,TikTok,Northeast,3070,48,0.0157,0.98,47.04,3,0.077,275.36,15.68,485.37,2024-06,26,1
2024-08-23,Brand Awareness Q1,Organic,Midwest,7981,391,0.049,2.49,973.59,8,0.0219,582.04,121.7,-40.22,2024-08,34,1
2024-02-10,Back to School,Referral,Northeast,3901,185,0.0475,3.19,590.15,8,0.0472,680.55,73.77,15.32,2024-02,6,1
2024-11-12,Holiday Push Q4,Referral,Midwest,1650,72,0.0441,1.78,128.16,10,0.1485,465.17,12.82,262.96,2024-11,46,1
2024-12-26,Lead Gen Spring,YouTube,West,1373,70,0.0511,1.86,130.2,2,0.0409,155.49,65.1,19.42,2024-12,52,1
2024-04-26,Holiday Push Q4,Google Display,Northeast,1122,9,0.0081,4.1,36.9,0,0.0078,0.0,39.925,-100.0,2024-04,17,0
2024-02-21,Lead Gen Spring,Email,Northeast,6638,330,0.0498,0.91,300.3,24,0.0744,1111.33,12.51,270.07,2024-02,8,1
2024-11-21,Back to School,TikTok,Midwest,8678,132,0.0153,3.1,409.2,8,0.0654,479.46,51.15,17.17,2024-11,47,1
2024-06-30,Retargeting Summer,YouTube,Southeast,1690,29,0.0177,3.68,106.72,1,0.0477,93.63,106.72,-12.27,2024-06,26,1
2024-12-15,Holiday Push Q4,Instagram,Midwest,128566,1864,0.0145,4.16,7754.24,79,0.0429,8376.84,98.15,8.03,2024-12,50,1
2024-03-28,Holiday Push Q4,Google Display,West,1779,19,0.0109,4.24,80.56,0,0.0417,0.0,39.925,-100.0,2024-03,13,0
2024-08-24,Lead Gen Spring,Referral,Southeast,5910,297,0.0503,3.29,977.13,4,0.0152,407.84,244.28,-58.26,2024-08,34,1
2024-12-18,Holiday Push Q4,TikTok,Midwest,9118,733,0.0804,1.85,1356.05,19,0.0269,1315.4,71.37,-3.0,2024-12,51,1
2024-06-15,Holiday Push Q4,Referral,Southeast,574,32,0.0558,2.59,82.88,3,0.1113,89.73,27.63,8.26,2024-06,24,1
2024-06-10,Brand Awareness Q1,Google Search,Southeast,1069,126,0.1184,4.4,554.4,9,0.0778,1048.06,61.6,89.04,2024-06,24,1
2024-04-18,Brand Awareness Q1,TikTok,Midwest,4282,215,0.0504,1.13,242.95,22,0.1037,1135.06,11.04,367.2,2024-04,16,1
2024-12-01,Lead Gen Spring,Organic,Midwest,62729,5501,0.0877,0.56,3080.56,64,0.0118,2194.83,48.13,-28.75,2024-12,48,1
2024-08-22,Holiday Push Q4,LinkedIn,Southwest,12451,160,0.0129,0.68,108.8,1,0.0101,87.58,108.8,-19.5,2024-08,34,1
2024-05-06,Lead Gen Spring,Facebook,Midwest,82256,2813,0.0342,2.8,7876.4,585,0.2081,66946.91,13.46,749.97,2024-05,19,1
2024-10-26,Retargeting Summer,Referral,West,8326,296,0.0356,1.78,526.88,10,0.0348,847.5,52.69,60.85,2024-10,43,1
2024-07-04,Back to School,TikTok,West,3208,153,0.0478,1.21,185.13,13,0.0881,784.44,14.24,323.72,2024-07,27,1
2024-09-09,Product Launch Oct,Instagram,Southeast,2201,191,0.0872,3.52,672.32,23,0.1244,1274.31,29.23,89.54,2024-09,37,1
2024-03-19,Brand Awareness Q1,Google Display,Northeast,15019,443,0.0295,0.87,385.41,33,0.0752,2805.81,11.68,628.01,2024-03,12,1
2024-02-02,Product Launch Oct,Facebook,Southwest,572,13,0.0238,3.66,47.58,1,0.1185,66.95,47.58,40.71,2024-02,5,1
2024-08-27,Product Launch Oct,TikTok,Southwest,4863,136,0.0281,3.55,482.8,3,0.0228,95.74,160.93,-80.17,2024-08,35,1
2024-01-06,Product Launch Oct,Referral,Midwest,9613,859,0.0894,4.29,3685.11,18,0.0218,1404.87,204.73,-61.88,2024-01,1,1
2024-11-24,Retargeting Summer,Google Display,West,13755,514,0.0374,0.73,375.22,26,0.0521,2090.92,14.43,457.25,2024-11,47,1
2024-08-10,Retargeting Summer,YouTube,Northeast,1821,63,0.035,1.39,87.57,3,0.0486,232.85,29.19,165.9,2024-08,32,1
2024-05-14,Brand Awareness Q1,Facebook,Southwest,5061,307,0.0608,2.84,871.88,39,0.1277,1671.99,22.36,91.77,2024-05,20,1
2024-02-24,Product Launch Oct,Referral,Southeast,1863,7,0.0042,4.4,30.8,0,0.0648,0.0,39.925,-100.0,2024-02,8,0
2024-04-11,Product Launch Oct,Email,West,28911,1150,0.0398,1.1,1265.0,170,0.1479,8665.52,7.44,585.02,2024-04,15,1
2024-10-03,Lead Gen Spring,Facebook,Midwest,21706,872,0.0402,3.9,3400.8,52,0.0603,4294.5,65.4,26.28,2024-10,40,1
2024-06-14,Product Launch Oct,Referral,Northeast,11544,195,0.0169,2.58,503.1,6,0.0331,469.73,83.85,-6.63,2024-06,24,1
2024-07-04,Brand Awareness Q1,LinkedIn,Northeast,5329,153,0.0288,3.52,538.56,20,0.1321,527.63,26.93,-2.03,2024-07,27,1
2024-05-03,Brand Awareness Q1,Email,Southeast,17502,103,0.0059,2.56,263.68,3,0.0355,345.61,87.89,31.07,2024-05,18,1
2024-09-05,Brand Awareness Q1,Organic,Northeast,938,6,0.0074,2.47,14.82,1,0.1696,37.24,14.82,151.28,2024-09,36,1
2024-03-06,Lead Gen Spring,Google Display,West,7630,122,0.016,3.17,386.74,5,0.0481,167.13,77.35,-56.78,2024-03,10,1
2024-05-15,Lead Gen Spring,LinkedIn,West,1897,82,0.0437,2.51,205.82,4,0.0507,131.07,51.45,-36.32,2024-05,20,1
2024-04-18,Back to School,Referral,West,4294,164,0.0382,1.98,324.72,20,0.1226,1920.19,16.24,491.34,2024-04,16,1
2024-06-08,Holiday Push Q4,Referral,Southeast,25342,1449,0.0572,0.93,1347.57,373,0.2581,22694.06,3.61,1584.07,2024-06,23,1
2024-09-21,Back to School,TikTok,Midwest,2262,33,0.015,3.66,120.78,3,0.1092,287.45,40.26,137.99,2024-09,38,1
2024-04-25,Lead Gen Spring,LinkedIn,Northeast,1748,29,0.0167,3.08,89.32,3,0.1216,145.1,29.77,62.45,2024-04,17,1
2024-10-28,Brand Awareness Q1,Google Display,Midwest,3691,117,0.0318,4.09,478.53,8,0.07,285.15,59.82,-40.41,2024-10,44,1
2024-04-22,Product Launch Oct,Referral,Southeast,7850,324,0.0414,3.17,1027.08,21,0.0676,2060.14,48.91,100.58,2024-04,17,1
2024-11-19,Holiday Push Q4,Google Search,Northeast,34321,1026,0.0299,1.47,1508.22,86,0.0845,3411.14,17.54,126.17,2024-11,47,1
2024-01-17,Brand Awareness Q1,Google Search,Southeast,138764,1318,0.0095,4.46,5878.28,58,0.0446,5638.86,101.35,-4.07,2024-01,3,1
2024-05-01,Product Launch Oct,YouTube,Northeast,12238,189,0.0155,4.22,797.58,16,0.0863,501.07,49.85,-37.18,2024-05,18,1
2024-10-03,Lead Gen Spring,Email,Southwest,8827,883,0.1001,1.15,1015.45,29,0.0338,1713.58,35.02,68.75,2024-10,40,1
2024-08-30,Product Launch Oct,Facebook,West,17015,483,0.0284,2.01,970.83,2,0.0048,94.12,485.42,-90.31,2024-08,35,1
2024-04-07,Back to School,Instagram,Southwest,3688,248,0.0673,4.26,1056.48,30,0.1213,2517.21,35.22,138.26,2024-04,14,1
2024-08-08,Holiday Push Q4,Google Display,Northeast,3039,227,0.0748,1.75,397.25,28,0.1256,2728.14,14.19,586.76,2024-08,32,1
2024-08-27,Back to School,YouTube,Southwest,3238,235,0.0728,1.1,258.5,3,0.0161,272.78,86.17,5.52,2024-08,35,1
2024-07-25,Brand Awareness Q1,Google Search,Northeast,15807,121,0.0077,4.13,499.73,0,0.0039,0.0,39.925,-100.0,2024-07,30,0
2024-04-08,Lead Gen Spring,YouTube,Northeast,6103,1003,0.1644,4.19,4202.57,93,0.0933,6072.19,45.19,44.49,2024-04,15,1
2024-03-12,Back to School,Instagram,West,1251,56,0.0454,0.95,53.2,2,0.0469,60.4,26.6,13.53,2024-03,11,1
2024-08-24,Retargeting Summer,TikTok,Southeast,17768,524,0.0295,4.18,2190.32,2,0.0053,92.67,1095.16,-95.77,2024-08,34,1
2024-10-08,Back to School,Instagram,Northeast,1840,27,0.0151,2.18,58.86,1,0.0392,26.24,58.86,-55.42,2024-10,41,1
2024-10-03,Holiday Push Q4,Google Display,Northeast,1450,87,0.06,4.49,390.63,1,0.0194,44.94,390.63,-88.5,2024-10,40,1
2024-03-26,Lead Gen Spring,Google Search,Northeast,5879,212,0.0361,2.39,506.68,5,0.0268,374.09,101.34,-26.17,2024-03,13,1
2024-04-19,Back to School,TikTok,Southwest,405,5,0.0137,4.28,21.4,0,0.0332,0.0,39.925,-100.0,2024-04,16,0
2024-07-13,Lead Gen Spring,TikTok,Northeast,1000,63,0.0636,1.39,87.57,7,0.124,706.94,12.51,707.29,2024-07,28,1
2024-08-20,Retargeting Summer,Google Search,Southwest,8960,148,0.0166,3.92,580.16,4,0.0281,211.4,145.04,-63.56,2024-08,34,1
2024-10-11,Holiday Push Q4,Email,Southwest,1467,8,0.0059,1.87,14.96,0,0.0383,0.0,39.925,-100.0,2024-10,41,0
2024-05-31,Lead Gen Spring,LinkedIn,Southeast,21939,74,0.0034,1.06,78.44,3,0.042,196.19,26.15,150.11,2024-05,22,1
2024-10-04,Product Launch Oct,Instagram,Northeast,4735,590,0.1248,3.84,2265.6,31,0.0529,829.16,73.08,-63.4,2024-10,40,1
2024-01-26,Brand Awareness Q1,Google Search,Midwest,695,35,0.0507,0.54,18.9,2,0.0595,83.32,9.45,340.85,2024-01,4,1
2024-09-28,Product Launch Oct,Organic,Southwest,32357,1025,0.0317,0.69,707.25,101,0.0987,4879.12,7.0,589.87,2024-09,39,1
2024-02-11,Product Launch Oct,Facebook,Northeast,789,19,0.0241,2.4,45.6,2,0.119,55.92,22.8,22.63,2024-02,6,1
2024-02-04,Product Launch Oct,Facebook,Northeast,6092,470,0.0772,2.89,1358.3,69,0.1479,6498.28,19.69,378.41,2024-02,5,1
2024-10-18,Brand Awareness Q1,Instagram,Southwest,52576,1840,0.035,3.28,6035.2,89,0.0488,9980.89,67.81,65.38,2024-10,42,1
2024-01-21,Product Launch Oct,Instagram,West,19398,238,0.0123,3.43,816.34,16,0.0704,779.5,51.02,-4.51,2024-01,3,1
2024-12-02,Back to School,Organic,Northeast,786,28,0.0362,2.77,77.56,1,0.0608,114.71,77.56,47.9,2024-12,49,1
2024-06-10,Product Launch Oct,Organic,West,3805,319,0.084,3.82,1218.58,21,0.0672,678.52,58.03,-44.32,2024-06,24,1
2024-06-09,Holiday Push Q4,Email,Southeast,1406,129,0.0924,3.66,472.14,3,0.0307,141.39,157.38,-70.05,2024-06,23,1
2024-03-08,Back to School,Instagram,Midwest,6902,447,0.0648,1.9,849.3,11,0.0254,1187.99,77.21,39.88,2024-03,10,1
2024-02-07,Retargeting Summer,Email,Southwest,653,4,0.0073,1.65,6.6,0,0.0675,0.0,39.925,-100.0,2024-02,6,0
2024-10-15,Product Launch Oct,Google Search,Southwest,1154,46,0.0404,2.37,109.02,3,0.074,221.12,36.34,102.83,2024-10,42,1
2024-04-19,Product Launch Oct,Google Display,Northeast,8874,230,0.026,3.62,832.6,8,0.0361,905.09,104.08,8.71,2024-04,16,1
2024-06-27,Lead Gen Spring,Referral,Midwest,27027,651,0.0241,1.4,911.4,18,0.0286,1950.46,50.63,114.01,2024-06,26,1
2024-05-25,Retargeting Summer,Google Display,Southeast,42406,1102,0.026,3.95,4352.9,76,0.0695,4849.03,57.27,11.4,2024-05,21,1
2024-12-26,Product Launch Oct,Facebook,Southwest,939,23,0.0251,3.23,74.29,1,0.0558,81.28,74.29,9.41,2024-12,52,1
2024-09-27,Holiday Push Q4,Email,West,20456,476,0.0233,1.57,747.32,30,0.0643,3221.79,24.91,331.11,2024-09,39,1
2024-12-05,Retargeting Summer,Google Search,West,13155,649,0.0494,1.13,733.37,106,0.1644,10137.13,6.92,1282.27,2024-12,49,1
2024-02-29,Retargeting Summer,Google Display,Southeast,5860,325,0.0555,0.53,172.25,46,0.1426,2285.34,3.74,1226.76,2024-02,9,1
2024-05-19,Lead Gen Spring,Google Display,West,10663,1410,0.1323,4.35,6133.5,47,0.0337,5359.73,130.5,-12.62,2024-05,20,1
2024-06-24,Lead Gen Spring,Email,West,6148,168,0.0274,0.77,129.36,0,0.0041,0.0,39.925,-100.0,2024-06,26,0
2024-09-07,Product Launch Oct,Instagram,Midwest,2513,134,0.0537,3.23,432.82,0,0.0043,0.0,39.925,-100.0,2024-09,36,0
2024-11-20,Brand Awareness Q1,Email,Northeast,351,5,0.0148,3.12,15.6,0,0.0591,0.0,39.925,-100.0,2024-11,47,0
2024-01-02,Brand Awareness Q1,TikTok,Midwest,787,15,0.0199,1.35,20.25,0,0.0615,0.0,39.925,-100.0,2024-01,1,0
2024-05-14,Holiday Push Q4,YouTube,Southeast,27792,1334,0.048,3.54,4722.36,25,0.0193,2089.54,188.89,-55.75,2024-05,20,1
2024-12-27,Product Launch Oct,Facebook,Southwest,4413,409,0.0928,1.3,531.7,10,0.0253,1007.68,53.17,89.52,2024-12,52,1
2024-02-27,Brand Awareness Q1,TikTok,West,2170,83,0.0384,2.07,171.81,22,0.267,2347.66,7.81,1266.43,2024-02,9,1
2024-01-19,Product Launch Oct,Google Display,Southeast,1540,42,0.0275,2.74,115.08,2,0.0525,116.62,57.54,1.34,2024-01,3,1
2024-03-16,Product Launch Oct,YouTube,West,424,7,0.0176,3.7,25.9,0,0.0385,0.0,39.925,-100.0,2024-03,11,0
2024-06-06,Brand Awareness Q1,TikTok,Southeast,5279,117,0.0223,1.86,217.62,8,0.0734,689.12,27.2,216.66,2024-06,23,1
2024-04-17,Retargeting Summer,YouTube,Northeast,6229,685,0.1101,1.49,1020.65,14,0.0208,1012.6,72.9,-0.79,2024-04,16,1
2024-10-13,Retargeting Summer,Instagram,Northeast,39067,2543,0.0651,0.79,2008.97,234,0.0924,22014.97,8.59,995.83,2024-10,41,1
2024-03-20,Holiday Push Q4,TikTok,West,663,14,0.0217,4.45,62.3,0,0.0054,0.0,39.925,-100.0,2024-03,12,0
2024-07-30,Lead Gen Spring,Instagram,Southeast,3995,256,0.0643,2.99,765.44,19,0.0746,2115.8,40.29,176.42,2024-07,31,1
2024-06-19,Holiday Push Q4,Google Search,Southeast,7902,226,0.0287,3.92,885.92,1,0.007,73.91,885.92,-91.66,2024-06,25,1
2024-03-22,Retargeting Summer,TikTok,Southeast,19506,128,0.0066,3.13,400.64,7,0.0574,476.77,57.23,19.0,2024-03,12,1
2024-08-28,Brand Awareness Q1,Google Display,Southwest,7448,388,0.0522,2.22,861.36,48,0.125,1964.34,17.95,128.05,2024-08,35,1
2024-06-28,Back to School,Instagram,Southeast,3341,420,0.1258,1.32,554.4,59,0.1422,6724.67,9.4,1112.96,2024-06,26,1
2024-01-13,Lead Gen Spring,Email,Southeast,4700,313,0.0668,0.67,209.71,17,0.0574,1257.69,12.34,499.73,2024-01,2,1
2024-05-22,Retargeting Summer,Instagram,Southwest,60237,2529,0.042,4.38,11077.02,267,0.1056,11168.4,41.49,0.82,2024-05,21,1
2024-11-24,Retargeting Summer,Google Display,Midwest,48866,3254,0.0666,2.49,8102.46,351,0.1079,39817.48,23.08,391.42,2024-11,47,1
2024-10-01,Holiday Push Q4,Referral,Southwest,18520,1864,0.1007,0.93,1733.52,316,0.1698,31387.21,5.49,1710.61,2024-10,40,1
2024-05-13,Brand Awareness Q1,YouTube,Northeast,7291,729,0.1001,1.81,1319.49,78,0.1081,5177.67,16.92,292.4,2024-05,20,1
2024-01-20,Retargeting Summer,Facebook,West,4104,221,0.054,2.05,453.05,1,0.0082,31.95,453.05,-92.95,2024-01,3,1
2024-06-25,Back to School,Google Display,West,1004,94,0.094,2.02,189.88,4,0.0468,229.67,47.47,20.96,2024-06,26,1
2024-09-18,Product Launch Oct,YouTube,Southwest,927,5,0.0056,3.75,18.75,0,0.0843,0.0,39.925,-100.0,2024-09,38,0
2024-04-07,Product Launch Oct,Google Display,Southwest,6887,154,0.0224,1.64,252.56,20,0.1306,1659.63,12.63,557.12,2024-04,14,1
2024-08-11,Holiday Push Q4,Email,Northeast,1498,113,0.0761,1.23,138.99,6,0.0553,296.24,23.17,113.14,2024-08,32,1
2024-12-17,Product Launch Oct,Google Search,West,7213,263,0.0366,0.67,176.21,20,0.0796,2179.99,8.81,1137.15,2024-12,51,1
2024-02-05,Back to School,Instagram,Midwest,2116,41,0.0196,1.91,78.31,2,0.0497,130.51,39.16,66.66,2024-02,6,1
2024-12-05,Retargeting Summer,YouTube,West,14384,319,0.0222,2.85,909.15,31,0.0994,1056.88,29.33,16.25,2024-12,49,1
2024-06-07,Product Launch Oct,Google Display,Midwest,5180,238,0.046,2.88,685.44,19,0.0832,1770.26,36.08,158.27,2024-06,23,1
2024-12-22,Back to School,TikTok,Midwest,35134,1654,0.0471,0.84,1389.36,32,0.0197,2377.94,43.42,71.15,2024-12,51,1
2024-04-08,Lead Gen Spring,Email,West,6506,53,0.0083,1.83,96.99,8,0.1583,245.71,12.12,153.34,2024-04,15,1
2024-03-30,Holiday Push Q4,TikTok,Southwest,8125,475,0.0585,1.3,617.5,10,0.0211,580.19,61.75,-6.04,2024-03,13,1
2024-07-26,Retargeting Summer,Organic,West,18207,1207,0.0663,4.47,5395.29,9,0.0082,758.17,599.48,-85.95,2024-07,30,1
2024-05-26,Retargeting Summer,Referral,Northeast,5825,283,0.0486,3.63,1027.29,6,0.0215,684.07,171.22,-33.41,2024-05,21,1
2024-11-06,Product Launch Oct,Instagram,Southwest,542,22,0.0421,4.18,91.96,0,0.0158,0.0,39.925,-100.0,2024-11,45,0
2024-08-14,Back to School,YouTube,Southwest,4364,202,0.0465,0.82,165.64,3,0.0161,353.05,55.21,113.14,2024-08,33,1
2024-03-27,Back to School,Instagram,West,18089,714,0.0395,1.2,856.8,38,0.0539,1196.1,22.55,39.6,2024-03,13,1
2024-12-05,Product Launch Oct,Google Display,Midwest,3407,132,0.0388,1.75,231.0,8,0.0639,315.54,28.88,36.6,2024-12,49,1
2024-04-30,Brand Awareness Q1,Organic,Midwest,1054,24,0.023,3.28,78.72,0,0.0328,0.0,39.925,-100.0,2024-04,18,0
2024-03-16,Lead Gen Spring,Email,Southeast,779,85,0.1092,4.05,344.25,10,0.1248,1036.16,34.42,200.99,2024-03,11,1
2024-08-31,Lead Gen Spring,Google Search,Northeast,1205,77,0.0645,2.43,187.11,2,0.0303,52.3,93.56,-72.05,2024-08,35,1
2024-07-31,Back to School,Organic,Northeast,1490,49,0.033,2.45,120.05,1,0.0381,60.71,120.05,-49.43,2024-07,31,1
2024-12-22,Holiday Push Q4,Organic,Southeast,1745,48,0.0279,4.32,207.36,1,0.0231,49.19,207.36,-76.28,2024-12,51,1
2024-05-04,Back to School,TikTok,Southwest,4420,293,0.0663,2.96,867.28,27,0.0929,1988.85,32.12,129.32,2024-05,18,1
2024-08-05,Brand Awareness Q1,Facebook,Northeast,5298,176,0.0334,0.79,139.04,2,0.0146,175.66,69.52,26.34,2024-08,32,1
2024-09-22,Holiday Push Q4,Instagram,Southeast,2859,68,0.0239,0.58,39.44,5,0.0865,222.7,7.89,464.66,2024-09,38,1
2024-05-07,Product Launch Oct,LinkedIn,Northeast,23703,1348,0.0569,2.62,3531.76,32,0.0243,2570.56,110.37,-27.22,2024-05,19,1
2024-08-25,Lead Gen Spring,Google Display,Southwest,12027,769,0.064,1.4,1076.6,27,0.0354,3093.99,39.87,187.39,2024-08,34,1
2024-06-11,Product Launch Oct,Referral,West,474,13,0.0288,3.08,40.04,1,0.1209,112.3,40.04,180.47,2024-06,24,1
2024-09-15,Holiday Push Q4,LinkedIn,West,13427,252,0.0188,3.12,786.24,23,0.0924,669.33,34.18,-14.87,2024-09,37,1
2024-03-22,Back to School,TikTok,West,5096,194,0.0381,1.35,261.9,26,0.1349,2108.16,10.07,704.95,2024-03,12,1
2024-05-06,Retargeting Summer,LinkedIn,Southwest,503,19,0.0382,3.54,67.26,1,0.0806,94.01,67.26,39.77,2024-05,19,1
2024-11-16,Back to School,Email,West,4800,461,0.0962,3.43,1581.23,6,0.0133,465.91,263.54,-70.53,2024-11,46,1
2024-02-09,Back to School,Instagram,Midwest,862,11,0.0135,1.97,21.67,0,0.0348,0.0,39.925,-100.0,2024-02,6,0
2024-06-20,Retargeting Summer,Email,Southeast,7379,906,0.1228,1.92,1739.52,17,0.0196,1361.67,102.32,-21.72,2024-06,25,1
2024-03-11,Brand Awareness Q1,YouTube,West,45870,4839,0.1055,3.8,12618.175399999987,346,0.0716,34571.77,53.15,88.01,2024-03,11,1
2024-12-21,Back to School,Facebook,Southeast,2254,1,0.0008,2.24,2.24,0,0.0534,0.0,39.925,-100.0,2024-12,51,0
2024-07-31,Brand Awareness Q1,Facebook,Southeast,6172,309,0.0502,2.14,661.26,21,0.0699,893.03,31.49,35.05,2024-07,31,1
2024-08-26,Product Launch Oct,TikTok,Midwest,480,6,0.0129,3.83,22.98,0,0.0937,0.0,39.925,-100.0,2024-08,35,0
2024-08-03,Lead Gen Spring,TikTok,Northeast,16976,544,0.0321,2.43,1321.92,17,0.032,1130.51,77.76,-14.48,2024-08,31,1
2024-01-11,Holiday Push Q4,TikTok,West,3120,203,0.0651,1.04,211.12,16,0.0792,486.72,13.2,130.54,2024-01,2,1
2024-01-04,Back to School,Organic,Southwest,1522,29,0.0195,3.54,102.66,2,0.0846,222.22,51.33,116.46,2024-01,1,1
2024-08-02,Back to School,YouTube,Midwest,4832,250,0.0518,4.1,1025.0,13,0.0533,842.21,78.85,-17.83,2024-08,31,1
2024-04-22,Product Launch Oct,Referral,West,14207,230,0.0162,2.76,634.8,3,0.0132,107.52,211.6,-83.06,2024-04,17,1
2024-08-11,Retargeting Summer,LinkedIn,Southeast,7461,233,0.0313,2.74,638.42,4,0.0186,125.71,159.6,-80.31,2024-08,32,1
2024-06-21,Back to School,LinkedIn,Northeast,7749,1059,0.1367,4.28,4532.52,25,0.0243,1920.4,181.3,-57.63,2024-06,25,1
2024-03-06,Back to School,TikTok,Southeast,5038,122,0.0244,1.31,159.82,7,0.059,520.39,22.83,225.61,2024-03,10,1
2024-07-20,Brand Awareness Q1,Organic,West,1565,82,0.0527,1.46,119.72,6,0.0733,187.17,19.95,56.34,2024-07,29,1
2024-01-14,Holiday Push Q4,Organic,West,14182,628,0.0443,3.79,2380.12,34,0.0544,3410.92,70.0,43.31,2024-01,2,1
2024-08-24,Lead Gen Spring,Google Display,Southwest,874,90,0.1041,4.16,374.4,1,0.0138,55.09,374.4,-85.29,2024-08,34,1
2024-07-13,Retargeting Summer,Facebook,Northeast,3288,92,0.028,2.26,207.92,9,0.1,582.19,23.1,180.01,2024-07,28,1
2024-06-16,Back to School,YouTube,Southeast,26760,396,0.0148,1.15,455.4,24,0.061,2629.79,18.97,477.47,2024-06,24,1
2024-08-03,Retargeting Summer,YouTube,Southwest,6205,181,0.0293,3.34,604.54,10,0.0553,589.91,60.45,-2.42,2024-08,31,1
2024-01-10,Back to School,Email,Northeast,4265,388,0.0912,3.35,1299.8,13,0.0354,1249.8,99.98,-3.85,2024-01,2,1
2024-04-24,Retargeting Summer,Referral,Northeast,21175,2191,0.1035,3.04,6660.64,372,0.1702,11761.12,17.9,76.58,2024-04,17,1
2024-05-06,Brand Awareness Q1,Google Display,Northeast,20439,1048,0.0513,1.62,1697.76,126,0.121,5695.35,13.47,235.46,2024-05,19,1
2024-03-19,Product Launch Oct,Instagram,Northeast,9106,375,0.0412,1.54,577.5,30,0.0823,2024.11,19.25,250.5,2024-03,12,1
2024-12-08,Back to School,Instagram,Southeast,48043,4011,0.0835,4.41,12618.175399999987,233,0.0582,26146.62,75.92,47.82,2024-12,49,1
2024-08-26,Lead Gen Spring,Google Display,West,11514,318,0.0277,0.57,181.26,28,0.089,1448.85,6.47,699.32,2024-08,35,1
2024-11-06,Lead Gen Spring,Email,Midwest,18091,725,0.0401,0.55,398.75,3,0.0046,160.48,132.92,-59.75,2024-11,45,1
2024-06-08,Lead Gen Spring,Organic,Northeast,15373,1552,0.101,2.83,4392.16,45,0.029,4679.12,97.6,6.53,2024-06,23,1
2024-06-08,Brand Awareness Q1,Google Display,West,19816,346,0.0175,3.18,1100.28,19,0.0559,1259.45,57.91,14.47,2024-06,23,1
2024-04-11,Back to School,Organic,Southwest,9076,641,0.0707,2.87,1839.67,10,0.0162,615.29,183.97,-66.55,2024-04,15,1
2024-11-17,Holiday Push Q4,Google Display,West,718,25,0.035,0.78,19.5,4,0.1882,153.21,4.88,685.69,2024-11,46,1
2024-06-03,Holiday Push Q4,Instagram,Northeast,347,16,0.0475,1.62,25.92,1,0.0831,45.81,25.92,76.74,2024-06,23,1
2024-01-22,Product Launch Oct,Organic,Northeast,18058,617,0.0342,2.09,1289.53,46,0.0749,3367.39,28.03,161.13,2024-01,4,1
2024-12-04,Back to School,YouTube,West,6784,229,0.0339,1.03,235.87,8,0.0391,889.78,29.48,277.23,2024-12,49,1
2024-11-27,Product Launch Oct,YouTube,Northeast,12412,1362,0.1098,0.74,1007.88,100,0.0739,6834.25,10.08,578.08,2024-11,48,1
2024-09-07,Back to School,YouTube,Northeast,7415,146,0.0198,0.78,113.88,7,0.0526,626.32,16.27,449.98,2024-09,36,1
2024-11-21,Retargeting Summer,Google Display,Southwest,20159,127,0.0063,3.99,506.73,8,0.0673,208.9,63.34,-58.77,2024-11,47,1
2024-03-31,Back to School,LinkedIn,Southeast,2010,16,0.0082,0.67,10.72,1,0.0802,86.97,10.72,711.29,2024-03,13,1
2024-10-02,Product Launch Oct,Referral,Midwest,8648,731,0.0846,3.66,2675.46,73,0.1004,8181.87,36.65,205.81,2024-10,40,1
2024-10-30,Back to School,LinkedIn,Southwest,8834,61,0.007,2.9,176.9,5,0.0963,329.5,35.38,86.26,2024-10,44,1
2024-02-14,Lead Gen Spring,Email,Midwest,1544,36,0.0236,0.79,28.44,4,0.1202,238.55,7.11,738.78,2024-02,7,1
2024-08-25,Lead Gen Spring,Email,Southwest,1187,154,0.1298,0.61,93.94,13,0.0864,363.23,7.23,286.66,2024-08,34,1
2024-07-13,Holiday Push Q4,Organic,West,1315,41,0.0316,4.1,168.1,6,0.1679,493.68,28.02,193.68,2024-07,28,1
2024-06-15,Back to School,YouTube,Northeast,6469,75,0.0116,1.12,84.0,8,0.1187,534.74,10.5,536.6,2024-06,24,1
2024-06-30,Lead Gen Spring,Facebook,Southwest,1371,27,0.0197,4.37,117.99,0,0.0291,0.0,39.925,-100.0,2024-06,26,0
2024-11-01,Retargeting Summer,Email,Midwest,550,18,0.033,2.98,53.64,2,0.121,153.17,26.82,185.55,2024-11,44,1
2024-09-21,Brand Awareness Q1,Email,West,4328,195,0.0451,1.02,198.9,7,0.0376,758.27,28.41,281.23,2024-09,38,1
2024-07-27,Lead Gen Spring,Instagram,Northeast,7727,293,0.038,1.64,480.52,39,0.1361,2799.07,12.32,482.51,2024-07,30,1
2024-12-19,Lead Gen Spring,LinkedIn,West,25573,1974,0.0772,3.81,7520.94,115,0.0583,4068.71,65.4,-45.9,2024-12,51,1
2024-01-09,Back to School,LinkedIn,Southwest,3889,330,0.0849,3.01,993.3,38,0.118,3558.97,26.14,258.3,2024-01,2,1
2024-07-26,Lead Gen Spring,Google Display,Midwest,3083,61,0.0198,3.72,226.92,1,0.0257,119.79,226.92,-47.21,2024-07,30,1
2024-10-24,Holiday Push Q4,Instagram,Midwest,15425,822,0.0533,3.51,2885.22,63,0.0771,5247.42,45.8,81.87,2024-10,43,1
2024-09-28,Product Launch Oct,YouTube,Southwest,11498,522,0.0454,2.13,1111.86,27,0.0531,3105.82,41.18,179.34,2024-09,39,1
2024-10-08,Holiday Push Q4,YouTube,Southwest,506,19,0.038,0.7,13.3,1,0.0805,51.7,13.3,288.72,2024-10,41,1
2024-08-20,Holiday Push Q4,YouTube,Midwest,1967,141,0.072,1.4,197.4,8,0.0596,692.34,24.68,250.73,2024-08,34,1
2024-04-28,Retargeting Summer,Email,Midwest,131,6,0.0509,1.47,8.82,0,0.0595,0.0,39.925,-100.0,2024-04,17,0
2024-03-02,Retargeting Summer,Google Display,Southeast,9014,517,0.0574,1.64,847.88,46,0.0905,2537.85,18.43,199.32,2024-03,9,1
2024-04-20,Lead Gen Spring,Referral,Southeast,4915,170,0.0347,3.86,656.2,2,0.0154,69.36,328.1,-89.43,2024-04,16,1
2024-10-28,Holiday Push Q4,LinkedIn,Midwest,1736,22,0.0132,3.66,80.52,0,0.0398,0.0,39.925,-100.0,2024-10,44,0
2024-02-21,Retargeting Summer,Referral,West,6757,134,0.0199,0.52,69.68,1,0.0098,97.3,69.68,39.64,2024-02,8,1
2024-07-03,Lead Gen Spring,Instagram,Midwest,21662,905,0.0418,3.63,3285.15,32,0.0358,2321.22,102.66,-29.34,2024-07,27,1
2024-12-28,Brand Awareness Q1,Facebook,Midwest,869,3,0.0036,3.57,10.71,0,0.0097,0.0,39.925,-100.0,2024-12,52,0
2024-01-24,Retargeting Summer,Referral,Southeast,7048,562,0.0798,2.93,1646.66,16,0.0291,879.75,102.92,-46.57,2024-01,4,1
2024-12-23,Retargeting Summer,Google Search,West,1179,124,0.1053,1.97,244.28,6,0.0486,626.22,40.71,156.35,2024-12,52,1
2024-01-07,Brand Awareness Q1,Facebook,Southwest,1476,58,0.0395,2.62,151.96,3,0.0521,222.92,50.65,46.7,2024-01,1,1
2024-09-02,Back to School,Organic,Midwest,1191,96,0.0809,1.0,96.0,13,0.1417,652.99,7.38,580.2,2024-09,36,1
2024-01-27,Lead Gen Spring,LinkedIn,Midwest,9998,345,0.0346,0.51,175.95,53,0.1539,1443.8,3.32,720.57,2024-01,4,1
2024-02-03,Brand Awareness Q1,Email,Southwest,6051,417,0.069,0.76,316.92,8,0.0214,560.1,39.62,76.73,2024-02,5,1
2024-10-22,Brand Awareness Q1,TikTok,Southwest,684,27,0.0395,1.96,52.92,0,0.0332,0.0,39.925,-100.0,2024-10,43,0
2024-10-15,Lead Gen Spring,Google Search,Southeast,1294,76,0.0589,1.54,117.04,12,0.1706,1314.76,9.75,1023.34,2024-10,42,1
2024-03-01,Lead Gen Spring,Email,Northeast,8600,264,0.0307,3.02,797.28,4,0.0177,191.92,199.32,-75.93,2024-03,9,1
2024-11-01,Product Launch Oct,Referral,Southwest,55732,1989,0.0357,2.69,5350.41,84,0.0423,8832.32,63.7,65.08,2024-11,44,1
2024-07-13,Product Launch Oct,Organic,Southeast,3568,93,0.0262,4.31,400.83,5,0.0544,406.94,80.17,1.52,2024-07,28,1
2024-10-28,Retargeting Summer,LinkedIn,Southwest,6171,132,0.0215,4.27,563.64,3,0.029,121.08,187.88,-78.52,2024-10,44,1
2024-11-13,Product Launch Oct,TikTok,Midwest,5029,603,0.1201,3.17,1911.51,53,0.0884,1385.94,36.07,-27.5,2024-11,46,1
2024-02-20,Holiday Push Q4,Google Search,West,1096,62,0.0569,2.21,137.02,4,0.065,209.78,34.26,53.1,2024-02,8,1
2024-12-04,Retargeting Summer,Instagram,Southeast,3653,249,0.0683,3.54,881.46,4,0.0172,461.35,220.37,-47.66,2024-12,49,1
2024-03-29,Lead Gen Spring,Google Display,Southeast,523,38,0.0731,3.13,118.94,0,0.0079,0.0,39.925,-100.0,2024-03,13,0
2024-01-02,Lead Gen Spring,Referral,Northeast,1564,41,0.0263,2.25,92.25,2,0.0523,117.08,46.12,26.92,2024-01,1,1
2024-10-31,Holiday Push Q4,TikTok,Southwest,3916,305,0.0779,2.86,872.3,12,0.0414,381.12,72.69,-56.31,2024-10,44,1
2024-04-28,Brand Awareness Q1,LinkedIn,Midwest,215,10,0.0501,3.58,35.8,1,0.1656,28.57,35.8,-20.2,2024-04,17,1
2024-08-20,Holiday Push Q4,Email,Midwest,7212,400,0.0555,2.59,1036.0,13,0.0338,326.82,79.69,-68.45,2024-08,34,1
2024-11-16,Retargeting Summer,Google Display,Southeast,11106,166,0.015,1.8,298.8,23,0.1396,2545.74,12.99,751.99,2024-11,46,1
2024-02-28,Back to School,Organic,Southeast,8556,171,0.02,0.81,138.51,29,0.1703,2333.29,4.78,1584.56,2024-02,9,1
2024-03-17,Holiday Push Q4,Referral,Southeast,10727,87,0.0082,2.56,222.72,7,0.0916,638.64,31.82,186.75,2024-03,11,1
2024-01-31,Brand Awareness Q1,Email,Southeast,3944,95,0.0241,3.42,324.9,3,0.0325,173.42,108.3,-46.62,2024-01,5,1
2024-10-18,Product Launch Oct,Facebook,Midwest,8328,515,0.0619,2.02,1040.3,26,0.0523,712.23,40.01,-31.54,2024-10,42,1
2024-08-27,Brand Awareness Q1,Email,Southwest,13614,134,0.0099,2.69,360.46,24,0.1829,2424.01,15.02,572.48,2024-08,35,1
2024-09-13,Retargeting Summer,Email,Southwest,370,35,0.0963,3.19,111.65,0,0.0163,0.0,39.925,-100.0,2024-09,37,0
2024-02-11,Back to School,Referral,Southwest,954,28,0.0295,1.73,48.44,5,0.1849,317.15,9.69,554.73,2024-02,6,1
2024-06-14,Back to School,Organic,Northeast,2583,20,0.0078,4.28,85.6,0,0.0384,0.0,39.925,-100.0,2024-06,24,0
2024-02-16,Brand Awareness Q1,Organic,Midwest,27950,779,0.0279,2.23,1737.17,34,0.0441,2215.41,51.09,27.53,2024-02,7,1
2024-01-11,Product Launch Oct,Instagram,West,2354,46,0.0197,2.43,111.78,1,0.0268,82.35,111.78,-26.33,2024-01,2,1
2024-03-30,Brand Awareness Q1,Email,West,4446,160,0.0361,1.57,251.2,18,0.1147,985.07,13.96,292.15,2024-03,13,1
2024-08-14,Holiday Push Q4,LinkedIn,West,16587,1321,0.0797,0.92,1215.32,107,0.081,9802.08,11.36,706.54,2024-08,33,1
2024-08-11,Product Launch Oct,Email,Southeast,1741,241,0.1386,4.33,1043.53,22,0.0916,2591.94,47.43,148.38,2024-08,32,1
2024-06-27,Back to School,LinkedIn,Northeast,8139,160,0.0197,2.24,358.4,8,0.0535,647.99,44.8,80.8,2024-06,26,1
2024-12-09,Retargeting Summer,TikTok,Midwest,32269,3143,0.0974,4.01,12603.43,254,0.081,7858.76,49.62,-37.65,2024-12,50,1
2024-07-29,Retargeting Summer,Google Display,Southeast,1729,201,0.1164,0.82,164.82,15,0.0759,660.4,10.99,300.68,2024-07,31,1
2024-07-24,Holiday Push Q4,LinkedIn,Midwest,26914,1932,0.0718,4.18,8075.76,164,0.0851,18049.49,49.24,123.5,2024-07,30,1
2024-02-15,Back to School,Referral,Northeast,6917,517,0.0748,1.49,770.33,11,0.0217,1253.41,70.03,62.71,2024-02,7,1
2024-02-29,Retargeting Summer,YouTube,Midwest,2765,18,0.0066,2.46,44.28,1,0.0749,49.72,44.28,12.29,2024-02,9,1
2024-12-02,Brand Awareness Q1,TikTok,West,3516,105,0.0299,3.76,394.8,2,0.0197,97.49,197.4,-75.31,2024-12,49,1
2024-01-28,Back to School,Referral,Southwest,2357,375,0.1594,3.81,1428.75,8,0.0233,448.32,178.59,-68.62,2024-01,4,1
2024-11-14,Retargeting Summer,Instagram,West,5448,604,0.111,3.94,2379.76,61,0.1015,4070.23,39.01,71.04,2024-11,46,1
2024-04-14,Brand Awareness Q1,LinkedIn,Southwest,1308,62,0.0478,0.97,60.14,1,0.0208,32.94,60.14,-45.23,2024-04,15,1
2024-05-27,Lead Gen Spring,Email,West,39877,1212,0.0304,1.39,1684.68,271,0.2238,16842.14,6.22,899.72,2024-05,22,1
2024-01-15,Brand Awareness Q1,LinkedIn,Southwest,2029,39,0.0194,2.22,86.58,6,0.1725,435.06,14.43,402.49,2024-01,3,1
2024-03-22,Holiday Push Q4,Organic,Southeast,17435,1407,0.0807,0.96,1350.72,28,0.02,2540.92,48.24,88.12,2024-03,12,1
2024-10-09,Brand Awareness Q1,Email,West,2786,34,0.0123,0.57,19.38,0,0.01,0.0,39.925,-100.0,2024-10,41,0
2024-02-28,Lead Gen Spring,TikTok,Northeast,1962,26,0.0134,2.64,68.64,1,0.0701,56.69,68.64,-17.41,2024-02,9,1
2024-03-19,Holiday Push Q4,LinkedIn,Northeast,3689,403,0.1094,3.71,1495.13,22,0.0562,2573.26,67.96,72.11,2024-03,12,1
2024-12-27,Product Launch Oct,LinkedIn,Midwest,15196,767,0.0505,3.72,2853.24,2,0.0038,120.78,1426.62,-95.77,2024-12,52,1
2024-08-29,Back to School,Email,Southwest,3927,83,0.0212,0.53,43.99,11,0.1441,1115.7,4.0,2436.26,2024-08,35,1
2024-03-15,Product Launch Oct,Instagram,Southwest,61831,2423,0.0392,2.83,6857.09,200,0.0826,7666.17,34.29,11.8,2024-03,11,1
2024-09-17,Product Launch Oct,TikTok,Southeast,17838,1942,0.1089,3.5,6797.0,61,0.0315,6677.5,111.43,-1.76,2024-09,38,1
2024-07-31,Retargeting Summer,Facebook,Northeast,27724,2861,0.1032,3.37,9641.57,77,0.027,3497.09,125.22,-63.73,2024-07,31,1
2024-01-02,Retargeting Summer,YouTube,West,13640,563,0.0413,3.14,1767.82,74,0.1332,8451.65,23.89,378.08,2024-01,1,1
2024-10-23,Product Launch Oct,Email,Midwest,1315,11,0.0089,3.28,36.08,1,0.1092,102.42,36.08,183.87,2024-10,43,1
2024-10-02,Back to School,LinkedIn,Southeast,11558,746,0.0646,2.23,1663.58,26,0.0358,746.28,63.98,-55.14,2024-10,40,1
2024-10-09,Retargeting Summer,LinkedIn,Midwest,8864,97,0.011,1.8,174.6,6,0.0691,188.34,29.1,7.87,2024-10,41,1
2024-06-13,Back to School,Referral,Southwest,19804,473,0.0239,1.94,917.62,32,0.0678,1505.34,28.68,64.05,2024-06,24,1
2024-07-15,Product Launch Oct,Instagram,Southeast,10600,897,0.0847,2.98,2673.06,150,0.1683,12028.54,17.82,349.99,2024-07,29,1
2024-06-11,Brand Awareness Q1,Instagram,Southwest,41049,1034,0.0252,4.22,4363.48,15,0.0152,1773.09,290.9,-59.37,2024-06,24,1
2024-12-05,Back to School,LinkedIn,Southwest,5822,443,0.0762,0.71,314.53,95,0.2154,10873.77,3.31,3357.15,2024-12,49,1
2024-03-05,Brand Awareness Q1,Facebook,Southwest,4922,52,0.0107,1.12,58.24,9,0.1824,614.17,6.47,954.55,2024-03,10,1
2024-02-21,Retargeting Summer,Referral,West,7693,540,0.0702,3.62,1954.8,74,0.1375,8605.27,26.42,340.21,2024-02,8,1
2024-08-21,Product Launch Oct,LinkedIn,Northeast,1515,285,0.1884,4.19,1194.15,6,0.0236,168.09,199.03,-85.92,2024-08,34,1
2024-12-01,Back to School,Google Search,Southeast,18685,390,0.0209,4.03,1571.7,5,0.0141,218.41,314.34,-86.1,2024-12,48,1
2024-05-15,Back to School,Facebook,Northeast,1677,124,0.0743,2.36,292.64,13,0.1085,1529.55,22.51,422.67,2024-05,20,1
2024-07-22,Holiday Push Q4,YouTube,West,2747,134,0.0491,2.04,273.36,9,0.0677,368.2,30.37,34.69,2024-07,30,1
2024-09-30,Holiday Push Q4,Google Display,Midwest,637,21,0.0338,1.02,21.42,0,0.0136,0.0,39.925,-100.0,2024-09,40,0
2024-09-06,Holiday Push Q4,TikTok,Midwest,1253,35,0.0284,1.12,39.2,2,0.0656,202.72,19.6,417.14,2024-09,36,1
2024-02-05,Product Launch Oct,Referral,Northeast,6526,97,0.015,2.45,237.65,2,0.0299,60.83,118.83,-74.4,2024-02,6,1
2024-02-16,Lead Gen Spring,Instagram,Midwest,3063,62,0.0204,3.17,196.54,4,0.0765,419.24,49.13,113.31,2024-02,7,1
2024-12-26,Holiday Push Q4,TikTok,Northeast,1186,32,0.0272,3.85,123.2,5,0.1832,340.65,24.64,176.5,2024-12,52,1
2024-12-21,Lead Gen Spring,Google Display,Southwest,17419,449,0.0258,1.2,538.8,64,0.1438,2997.35,8.42,456.3,2024-12,51,1
2024-06-15,Brand Awareness Q1,Email,Northeast,397,27,0.0691,1.61,43.47,0,0.0153,0.0,39.925,-100.0,2024-06,24,0
2024-07-10,Retargeting Summer,Google Search,Midwest,2932,116,0.0396,3.69,428.04,3,0.0286,301.84,142.68,-29.48,2024-07,28,1
2024-09-28,Lead Gen Spring,TikTok,Southeast,9172,148,0.0162,1.55,229.4,5,0.0395,481.38,45.88,109.84,2024-09,39,1
2024-04-02,Holiday Push Q4,TikTok,West,7709,336,0.0436,2.44,819.84,8,0.0243,555.73,102.48,-32.21,2024-04,14,1
2024-11-08,Brand Awareness Q1,Facebook,Southeast,33164,1794,0.0541,4.5,8073.0,48,0.0271,1338.91,168.19,-83.41,2024-11,45,1
2024-05-03,Holiday Push Q4,TikTok,West,3170,93,0.0295,4.14,385.02,3,0.0406,232.08,128.34,-39.72,2024-05,18,1
2024-04-28,Lead Gen Spring,LinkedIn,West,20734,711,0.0343,0.7,497.7,25,0.0355,1037.05,19.91,108.37,2024-04,17,1
2024-05-10,Back to School,LinkedIn,Midwest,1682,157,0.0937,1.0,157.0,3,0.0228,339.81,52.33,116.44,2024-05,19,1
2024-12-12,Retargeting Summer,Google Search,Southwest,2280,79,0.035,1.44,113.76,10,0.127,830.89,11.38,630.39,2024-12,50,1
2024-08-14,Brand Awareness Q1,Referral,Southeast,6216,73,0.0118,4.04,294.92,1,0.0181,25.98,294.92,-91.19,2024-08,33,1
2024-11-23,Retargeting Summer,YouTube,West,16147,1393,0.0863,1.54,2145.22,70,0.0503,2161.03,30.65,0.74,2024-11,47,1
2024-06-03,Back to School,TikTok,Midwest,1229,17,0.0146,2.51,42.67,1,0.0684,96.62,42.67,126.44,2024-06,23,1
2024-02-24,Back to School,Instagram,Southwest,13880,731,0.0527,4.04,2953.24,136,0.187,6909.5,21.71,133.96,2024-02,8,1
2024-07-02,Product Launch Oct,Instagram,Southwest,10023,291,0.0291,3.82,1111.62,24,0.0844,1723.63,46.32,55.06,2024-07,27,1
2024-05-31,Holiday Push Q4,Organic,Midwest,12536,89,0.0071,3.43,305.27,3,0.0419,188.86,101.76,-38.13,2024-05,22,1
2024-01-05,Retargeting Summer,Google Search,Southwest,12989,672,0.0518,2.36,1585.92,94,0.1411,7103.37,16.87,347.9,2024-01,1,1
2024-09-11,Product Launch Oct,Organic,Northeast,605,48,0.0809,0.71,34.08,1,0.0327,49.02,34.08,43.84,2024-09,37,1
2024-06-29,Product Launch Oct,Email,Southeast,3711,18,0.005,2.41,43.38,0,0.0178,0.0,39.925,-100.0,2024-06,26,0
2024-05-08,Product Launch Oct,Instagram,Southeast,4528,95,0.021,3.73,354.35,9,0.1026,1022.33,39.37,188.51,2024-05,19,1
2024-11-26,Holiday Push Q4,Facebook,Northeast,335,12,0.0386,2.13,25.56,1,0.0996,92.9,25.56,263.46,2024-11,48,1
2024-01-18,Back to School,Google Search,Midwest,4180,85,0.0204,0.81,68.85,8,0.1048,819.15,8.61,1089.76,2024-01,3,1
2024-03-08,Holiday Push Q4,Organic,Midwest,19391,139,0.0072,1.92,266.88,28,0.2077,1751.39,9.53,556.25,2024-03,10,1
2024-07-31,Retargeting Summer,Google Display,Midwest,3126,97,0.0311,4.02,389.94,3,0.0335,348.06,129.98,-10.74,2024-07,31,1
2024-10-03,Lead Gen Spring,Facebook,Southeast,741,39,0.0538,3.04,118.56,0,0.0092,0.0,39.925,-100.0,2024-10,40,0
2024-05-19,Product Launch Oct,YouTube,West,34601,899,0.026,3.88,3488.12,34,0.0382,3576.81,102.59,2.54,2024-05,20,1
2024-05-31,Back to School,Facebook,Midwest,3804,820,0.2157,1.8,1476.0,38,0.0471,3372.65,38.84,128.5,2024-05,22,1
2024-02-08,Back to School,YouTube,Northeast,24735,534,0.0216,0.98,523.32,60,0.1124,3251.13,8.72,521.25,2024-02,6,1
2024-12-11,Holiday Push Q4,Facebook,Southeast,1233,3,0.0025,2.17,6.51,0,0.073,0.0,39.925,-100.0,2024-12,50,0
2024-02-16,Retargeting Summer,TikTok,West,1262,60,0.0478,2.18,130.8,2,0.0394,55.44,65.4,-57.61,2024-02,7,1
2024-10-01,Retargeting Summer,TikTok,Northeast,2633,91,0.0349,0.66,60.06,11,0.1308,1219.93,5.46,1931.19,2024-10,40,1
2024-12-10,Retargeting Summer,Google Display,Southwest,1443,141,0.0981,3.83,540.03,3,0.0273,340.16,180.01,-37.01,2024-12,50,1
2024-11-22,Back to School,Email,West,4303,72,0.0169,2.47,177.84,2,0.0323,80.66,88.92,-54.64,2024-11,47,1
2024-04-29,Holiday Push Q4,YouTube,Northeast,693,61,0.0883,1.1,67.1,2,0.0335,60.77,33.55,-9.43,2024-04,18,1
2024-10-14,Product Launch Oct,LinkedIn,Northeast,4376,117,0.0268,4.04,472.68,2,0.0201,95.7,236.34,-79.75,2024-10,42,1
2024-11-27,Lead Gen Spring,YouTube,West,1992,140,0.0707,2.09,292.6,13,0.0955,659.25,22.51,125.31,2024-11,48,1
2024-06-03,Holiday Push Q4,Google Display,Southwest,14350,1765,0.123,2.14,3777.1,7,0.0042,309.02,539.59,-91.82,2024-06,23,1
2024-01-24,Lead Gen Spring,TikTok,Northeast,512,22,0.0433,3.62,79.64,2,0.1093,69.54,39.82,-12.68,2024-01,4,1
2024-02-29,Back to School,Google Search,Midwest,14479,700,0.0484,3.23,2261.0,166,0.2373,7718.32,13.62,241.37,2024-02,9,1
2024-03-10,Product Launch Oct,Google Display,Southeast,2619,37,0.0143,1.37,50.69,4,0.1151,229.7,12.67,353.15,2024-03,10,1
2024-12-09,Retargeting Summer,TikTok,Southwest,12521,514,0.0411,1.53,786.42,35,0.0695,1455.7,22.47,85.1,2024-12,50,1
2024-03-20,Product Launch Oct,Referral,Southwest,48713,4559,0.0936,4.06,12618.175399999987,535,0.1174,17942.99,34.6,-3.06,2024-03,12,1
2024-11-11,Back to School,TikTok,Northeast,663,62,0.0936,1.67,103.54,2,0.0381,178.51,51.77,72.41,2024-11,46,1
2024-12-19,Brand Awareness Q1,TikTok,Midwest,7028,359,0.0511,1.59,570.81,42,0.1186,1114.81,13.59,95.3,2024-12,51,1
2024-08-15,Back to School,YouTube,Southeast,1659,189,0.1145,0.88,166.32,17,0.0925,1074.27,9.78,545.91,2024-08,33,1
2024-12-17,Brand Awareness Q1,Instagram,Midwest,10676,693,0.065,3.35,2321.55,10,0.015,1058.59,232.16,-54.4,2024-12,51,1
2024-07-02,Holiday Push Q4,YouTube,West,5407,314,0.0582,2.93,920.02,7,0.0253,239.27,131.43,-73.99,2024-07,27,1
2024-04-07,Retargeting Summer,Google Search,Southwest,3812,308,0.0809,1.72,529.76,17,0.058,640.13,31.16,20.83,2024-04,14,1
2024-12-05,Brand Awareness Q1,Google Display,Southwest,19345,336,0.0174,3.3,1108.8,26,0.0795,2179.36,42.65,96.55,2024-12,49,1
2024-01-26,Brand Awareness Q1,Instagram,West,2831,20,0.0074,4.35,87.0,0,0.0479,0.0,39.925,-100.0,2024-01,4,0
2024-10-16,Lead Gen Spring,YouTube,Southeast,2274,141,0.0622,3.78,532.98,8,0.0635,433.91,66.62,-18.59,2024-10,42,1
2024-04-16,Product Launch Oct,Instagram,Northeast,13407,509,0.038,3.06,1557.54,39,0.0782,2303.69,39.94,47.91,2024-04,16,1
2024-06-17,Lead Gen Spring,Organic,Southeast,1628,50,0.0308,1.83,91.5,0,0.0143,0.0,39.925,-100.0,2024-06,25,0
2024-05-21,Brand Awareness Q1,Facebook,West,6384,120,0.0189,2.52,302.4,9,0.0775,323.45,33.6,6.96,2024-05,21,1
2024-05-08,Product Launch Oct,Facebook,Southeast,2157,63,0.0296,2.27,143.01,2,0.0324,173.27,71.5,21.16,2024-05,19,1
2024-01-14,Holiday Push Q4,Facebook,Northeast,92364,3149,0.0341,2.07,6518.43,71,0.0226,5500.71,91.81,-15.61,2024-01,2,1
2024-05-01,Retargeting Summer,Facebook,Northeast,11067,821,0.0742,3.71,3045.91,19,0.0238,1190.34,160.31,-60.92,2024-05,18,1
2024-03-30,Brand Awareness Q1,Organic,Midwest,1949,41,0.0213,4.26,174.66,0,0.0085,0.0,39.925,-100.0,2024-03,13,0
2024-08-03,Lead Gen Spring,Email,Northeast,7190,550,0.0765,4.26,2343.0,77,0.1403,6842.51,30.43,192.04,2024-08,31,1
2024-02-02,Holiday Push Q4,Referral,Northeast,25719,1082,0.0421,3.08,3332.56,40,0.0372,2456.22,83.31,-26.3,2024-02,5,1
2024-09-19,Retargeting Summer,LinkedIn,Southwest,2422,97,0.0404,3.81,369.57,0,0.0043,0.0,39.925,-100.0,2024-09,38,0
2024-09-14,Back to School,Organic,Northeast,21793,1207,0.0554,2.92,3524.44,49,0.0409,1502.38,71.93,-57.37,2024-09,37,1
2024-12-03,Brand Awareness Q1,Instagram,West,50130,4441,0.0886,3.17,12618.175399999987,268,0.0605,11850.4,52.53,-15.82,2024-12,49,1
2024-11-25,Back to School,Referral,Midwest,2576,151,0.0589,3.86,582.86,35,0.2344,2783.1,16.65,377.49,2024-11,48,1
2024-07-24,Back to School,Google Search,Northeast,4970,376,0.0758,0.69,259.44,32,0.0871,3675.75,8.11,1316.8,2024-07,30,1
2024-12-30,Back to School,TikTok,Northeast,2736,192,0.0705,2.57,493.44,9,0.0487,551.73,54.83,11.81,2024-12,1,1
2024-06-13,Brand Awareness Q1,LinkedIn,Northeast,5751,117,0.0204,3.07,359.19,9,0.0783,511.74,39.91,42.47,2024-06,24,1
2024-03-05,Brand Awareness Q1,Organic,Southeast,5610,370,0.066,0.89,329.3,2,0.0067,140.27,164.65,-57.4,2024-03,10,1
2024-10-26,Holiday Push Q4,Email,West,17123,395,0.0231,1.46,576.7,22,0.0576,1406.22,26.21,143.84,2024-10,43,1
2024-11-01,Back to School,Referral,Midwest,2399,152,0.0634,3.72,565.44,0,0.0056,0.0,39.925,-100.0,2024-11,44,0
2024-09-15,Back to School,Referral,Midwest,3166,8,0.0028,1.04,8.32,0,0.0143,0.0,39.925,-100.0,2024-09,37,0
2024-12-25,Brand Awareness Q1,Organic,Southwest,25380,484,0.0191,2.8,1355.2,5,0.0107,224.8,271.04,-83.41,2024-12,52,1
2024-04-20,Holiday Push Q4,Google Display,West,963,91,0.0948,3.28,298.48,12,0.1379,856.52,24.87,186.96,2024-04,16,1
2024-07-30,Lead Gen Spring,TikTok,Southwest,3047,70,0.0232,0.53,37.1,14,0.2109,1127.82,2.65,2939.95,2024-07,31,1
2024-07-31,Back to School,YouTube,Southwest,1652,31,0.019,2.13,66.03,3,0.1131,320.57,22.01,385.49,2024-07,31,1
2024-06-09,Back to School,Google Display,Midwest,15115,728,0.0482,4.15,3021.2,115,0.158,5571.91,26.27,84.43,2024-06,23,1
2024-12-17,Lead Gen Spring,Email,Midwest,1904,146,0.077,2.96,432.16,11,0.0792,693.33,39.29,60.43,2024-12,51,1
2024-02-13,Brand Awareness Q1,LinkedIn,Northeast,24448,1518,0.0621,3.22,4887.96,12,0.0082,563.43,407.33,-88.47,2024-02,7,1
2024-07-09,Brand Awareness Q1,Google Display,Southwest,3175,96,0.0304,3.94,378.24,19,0.2051,1846.81,19.91,388.26,2024-07,28,1
2024-10-27,Brand Awareness Q1,Facebook,West,1866,13,0.0074,1.71,22.23,0,0.0526,0.0,39.925,-100.0,2024-10,43,0
2024-12-09,Retargeting Summer,Referral,West,17418,1043,0.0599,1.33,1387.19,3,0.0035,287.39,462.4,-79.28,2024-12,50,1
2024-12-06,Retargeting Summer,Google Display,Southwest,2692,26,0.0097,1.98,51.48,1,0.0424,71.19,51.48,38.29,2024-12,49,1
2024-11-03,Retargeting Summer,TikTok,Northeast,1226,42,0.0345,4.0,168.0,4,0.1114,155.74,42.0,-7.3,2024-11,44,1
2024-10-22,Brand Awareness Q1,Email,Midwest,7315,326,0.0447,2.54,828.04,0,0.0022,0.0,39.925,-100.0,2024-10,43,0
2024-12-02,Lead Gen Spring,Referral,Southeast,2349,81,0.0347,3.75,303.75,3,0.0459,275.94,101.25,-9.16,2024-12,49,1
2024-06-28,Brand Awareness Q1,LinkedIn,Southeast,13556,1149,0.0848,3.37,3872.13,73,0.0643,7625.73,53.04,96.94,2024-06,26,1
2024-05-22,Brand Awareness Q1,Referral,Midwest,17326,194,0.0112,2.92,566.48,27,0.1425,945.35,20.98,66.88,2024-05,21,1
2024-10-14,Back to School,Organic,Southeast,8670,569,0.0657,0.95,540.55,23,0.0412,1166.17,23.5,115.74,2024-10,42,1
2024-11-25,Holiday Push Q4,Organic,West,6153,528,0.0859,0.54,285.12,41,0.0784,2365.24,6.95,729.56,2024-11,48,1
2024-12-02,Product Launch Oct,Referral,Northeast,187,8,0.0478,4.43,35.44,1,0.2211,64.44,35.44,81.83,2024-12,49,1
2024-05-19,Lead Gen Spring,Email,Northeast,2504,253,0.1013,3.09,781.77,6,0.0256,442.34,130.29,-43.42,2024-05,20,1
2024-01-04,Retargeting Summer,Email,Midwest,14413,1004,0.0697,1.32,1325.28,11,0.0116,1156.85,120.48,-12.71,2024-01,1,1
2024-12-02,Product Launch Oct,Facebook,Southeast,2084,117,0.0565,2.22,259.74,8,0.0712,672.21,32.47,158.8,2024-12,49,1
2024-11-20,Lead Gen Spring,TikTok,Northeast,6088,144,0.0238,1.43,205.92,8,0.0562,537.58,25.74,161.06,2024-11,47,1
2024-09-28,Holiday Push Q4,Google Search,Northeast,5564,746,0.1341,2.43,1812.78,15,0.0204,1596.98,120.85,-11.9,2024-09,39,1
2024-08-20,Back to School,Instagram,Southwest,6947,160,0.0231,3.81,609.6,6,0.0416,188.87,101.6,-69.02,2024-08,34,1
2024-06-08,Retargeting Summer,YouTube,Southeast,1904,111,0.0587,2.01,223.11,0,0.0028,0.0,39.925,-100.0,2024-06,23,0
2024-02-13,Product Launch Oct,YouTube,West,1383,20,0.0148,3.04,60.8,0,0.0296,0.0,39.925,-100.0,2024-02,7,0
2024-11-12,Lead Gen Spring,Google Search,Southeast,2803,93,0.0334,2.55,237.15,4,0.0462,243.28,59.29,2.58,2024-11,46,1
2024-08-14,Retargeting Summer,Google Search,Northeast,15052,55,0.0037,2.51,138.05,3,0.072,230.91,46.02,67.27,2024-08,33,1
2024-08-14,Product Launch Oct,TikTok,Southwest,23403,893,0.0382,1.6,1428.8,35,0.0402,4026.37,40.82,181.8,2024-08,33,1
2024-09-19,Lead Gen Spring,TikTok,Midwest,7975,207,0.026,1.87,387.09,14,0.0709,1570.47,27.65,305.71,2024-09,38,1
2024-02-26,Back to School,Google Display,Midwest,3303,143,0.0433,1.84,263.12,22,0.1607,1796.62,11.96,582.81,2024-02,9,1
2024-09-26,Back to School,Email,West,2887,269,0.0935,3.07,825.83,9,0.0344,399.49,91.76,-51.63,2024-09,39,1
2024-07-21,Lead Gen Spring,Email,Northeast,26527,2610,0.0984,4.03,10518.3,455,0.1744,25038.48,23.12,138.05,2024-07,29,1
2024-04-14,Brand Awareness Q1,Organic,Northeast,5833,165,0.0283,1.69,278.85,9,0.0594,1016.78,30.98,264.63,2024-04,15,1
2024-05-10,Lead Gen Spring,Email,Southeast,4653,332,0.0714,2.72,903.04,3,0.0105,168.43,301.01,-81.35,2024-05,19,1
2024-01-04,Brand Awareness Q1,Email,Midwest,24128,492,0.0204,1.53,752.76,28,0.0589,1827.23,26.88,142.74,2024-01,1,1
2024-03-07,Lead Gen Spring,LinkedIn,Southwest,1809,91,0.0506,1.91,173.81,4,0.0531,229.9,43.45,32.27,2024-03,10,1
2024-04-27,Holiday Push Q4,TikTok,West,19562,541,0.0277,3.88,2099.08,53,0.0996,3592.51,39.61,71.15,2024-04,17,1
2024-06-30,Holiday Push Q4,Referral,West,2482,44,0.0179,3.5,154.0,0,0.01,0.0,39.925,-100.0,2024-06,26,0
2024-01-22,Holiday Push Q4,Google Display,Southwest,1701,197,0.116,0.99,195.03,25,0.1281,988.72,7.8,406.96,2024-01,4,1
2024-02-09,Back to School,TikTok,Northeast,11002,1480,0.1346,0.77,1139.6,170,0.1155,13896.59,6.7,1119.43,2024-02,6,1
2024-10-20,Back to School,YouTube,West,1944,71,0.0368,3.98,282.58,4,0.0628,263.53,70.64,-6.74,2024-10,42,1
2024-02-28,Retargeting Summer,TikTok,Southwest,9121,218,0.024,0.67,146.06,14,0.0679,929.08,10.43,536.09,2024-02,9,1
2024-03-28,Retargeting Summer,TikTok,Northeast,6146,229,0.0373,3.4,778.6,10,0.0464,820.55,77.86,5.39,2024-03,13,1
2024-07-04,Holiday Push Q4,Organic,Southwest,3051,45,0.015,1.27,57.15,2,0.0472,150.44,28.57,163.24,2024-07,27,1
2024-05-04,Brand Awareness Q1,Google Display,Southwest,35197,2351,0.0668,1.24,2915.24,141,0.06,7232.12,20.68,148.08,2024-05,18,1
2024-09-25,Back to School,TikTok,West,459,30,0.0667,3.45,103.5,4,0.1626,104.56,25.88,1.02,2024-09,39,1
2024-06-22,Retargeting Summer,Google Display,Southwest,3346,344,0.1029,4.39,1510.16,76,0.2226,4998.46,19.87,230.99,2024-06,25,1
2024-02-09,Lead Gen Spring,Instagram,Midwest,2735,135,0.0495,2.81,379.35,7,0.0584,349.5,54.19,-7.87,2024-02,6,1
2024-09-18,Product Launch Oct,Referral,Northeast,2452,66,0.027,2.78,183.48,1,0.018,34.45,183.48,-81.22,2024-09,38,1
2024-11-26,Retargeting Summer,Instagram,Midwest,33464,2570,0.0768,3.53,9072.1,502,0.1957,35709.9,18.07,293.62,2024-11,48,1
2024-03-15,Brand Awareness Q1,Facebook,Southeast,3767,157,0.0417,1.87,293.59,8,0.0522,212.18,36.7,-27.73,2024-03,11,1
2024-11-04,Lead Gen Spring,Email,Southeast,4336,222,0.0513,2.8,621.6,5,0.0245,542.92,124.32,-12.66,2024-11,45,1
2024-11-17,Lead Gen Spring,Facebook,Northeast,8419,538,0.064,1.74,936.12,43,0.0806,4165.1,21.77,344.93,2024-11,46,1
2024-10-23,Product Launch Oct,LinkedIn,Southwest,776,28,0.0366,1.09,30.52,1,0.0487,98.06,30.52,221.3,2024-10,43,1
2024-11-21,Holiday Push Q4,LinkedIn,West,3405,495,0.1456,2.28,1128.6,29,0.0591,3240.95,38.92,187.17,2024-11,47,1
2024-06-10,Holiday Push Q4,Organic,Midwest,19292,559,0.029,4.25,2375.75,34,0.0614,3851.97,69.88,62.14,2024-06,24,1
2024-08-28,Brand Awareness Q1,Facebook,Southwest,1424,94,0.0663,2.05,192.7,2,0.0253,186.36,96.35,-3.29,2024-08,35,1
2024-10-29,Retargeting Summer,LinkedIn,Midwest,4558,187,0.0411,4.29,802.23,6,0.0373,496.68,133.71,-38.09,2024-10,44,1
2024-02-07,Product Launch Oct,Google Search,Midwest,1933,219,0.1134,1.7,372.3,2,0.0134,60.9,186.15,-83.64,2024-02,6,1
2024-01-20,Back to School,Email,Southwest,15511,567,0.0366,3.3,1871.1,69,0.1232,6060.1,27.12,223.88,2024-01,3,1
2024-02-09,Retargeting Summer,Google Search,Midwest,4928,194,0.0394,2.51,486.94,12,0.0628,1285.38,40.58,163.97,2024-02,6,1
2024-09-16,Product Launch Oct,Google Display,West,794,1,0.0016,2.17,2.17,0,0.0486,0.0,39.925,-100.0,2024-09,38,0
2024-10-10,Product Launch Oct,TikTok,Southwest,2771,105,0.0379,3.93,412.65,2,0.0235,198.21,206.32,-51.97,2024-10,41,1
2024-11-29,Product Launch Oct,Google Search,Southwest,771,25,0.0333,4.45,111.25,0,0.0331,0.0,39.925,-100.0,2024-11,48,0
2024-08-31,Product Launch Oct,Instagram,Midwest,3256,173,0.0532,0.66,114.18,11,0.0656,303.33,10.38,165.66,2024-08,35,1
2024-08-18,Brand Awareness Q1,Referral,Southeast,7902,503,0.0637,4.05,2037.15,86,0.1716,6308.2,23.69,209.66,2024-08,33,1
2024-02-13,Holiday Push Q4,Google Display,Midwest,607,17,0.029,1.62,27.54,0,0.0204,0.0,39.925,-100.0,2024-02,7,0
2024-05-06,Brand Awareness Q1,Referral,Southeast,5879,42,0.0072,1.71,71.82,6,0.1528,612.09,11.97,752.26,2024-05,19,1
2024-09-24,Product Launch Oct,LinkedIn,Southwest,3345,104,0.0313,4.48,465.92,2,0.0235,82.14,232.96,-82.37,2024-09,39,1
2024-07-09,Retargeting Summer,Organic,Southeast,75856,12083,0.1593,3.28,12618.175399999987,850,0.0704,83601.28,46.63,110.94,2024-07,28,1
2024-06-22,Back to School,Email,Southwest,3054,36,0.0118,3.68,132.48,1,0.0324,46.32,132.48,-65.04,2024-06,25,1
2024-11-27,Holiday Push Q4,Organic,Northeast,2549,18,0.0072,2.54,45.72,1,0.0842,38.25,45.72,-16.34,2024-11,48,1
2024-02-18,Retargeting Summer,YouTube,Northeast,17473,926,0.053,2.33,2157.58,149,0.1619,17287.45,14.48,701.24,2024-02,7,1
2024-05-09,Retargeting Summer,Referral,Southwest,9466,248,0.0263,2.27,562.96,27,0.1111,2564.05,20.85,355.46,2024-05,19,1
2024-02-11,Retargeting Summer,Organic,Southeast,743,13,0.0186,1.74,22.62,0,0.0687,0.0,39.925,-100.0,2024-02,6,0
2024-06-07,Retargeting Summer,Organic,Southeast,384,30,0.0803,0.85,25.5,1,0.0348,45.04,25.5,76.63,2024-06,23,1
2024-12-28,Product Launch Oct,TikTok,Southeast,4159,303,0.0729,1.0,303.0,3,0.0103,275.65,101.0,-9.03,2024-12,52,1
2024-07-11,Product Launch Oct,Google Display,Midwest,2173,66,0.0305,4.32,285.12,1,0.0257,50.35,285.12,-82.34,2024-07,28,1
2024-12-25,Holiday Push Q4,YouTube,Southeast,30931,1360,0.044,1.75,2380.0,228,0.1683,22296.88,10.44,836.84,2024-12,52,1
2024-12-09,Holiday Push Q4,Referral,Northeast,1637,133,0.0813,3.41,453.53,16,0.1213,637.67,28.35,40.6,2024-12,50,1
2024-01-10,Retargeting Summer,TikTok,West,8156,1147,0.1407,4.06,4656.82,44,0.0389,2073.35,105.84,-55.48,2024-01,2,1
2024-04-19,Lead Gen Spring,YouTube,Midwest,75651,385,0.0051,1.79,689.15,25,0.0653,2685.79,27.57,289.73,2024-04,16,1
2024-04-25,Lead Gen Spring,YouTube,Southwest,2383,110,0.0463,3.08,338.8,7,0.0663,526.59,48.4,55.43,2024-04,17,1
2024-05-31,Brand Awareness Q1,Facebook,Southeast,15972,726,0.0455,1.67,1212.42,11,0.0165,445.71,110.22,-63.24,2024-05,22,1
2024-09-26,Product Launch Oct,Google Display,West,5402,412,0.0763,3.81,1569.72,11,0.0278,1260.42,142.7,-19.7,2024-09,39,1
2024-03-08,Product Launch Oct,Google Search,Midwest,2344,183,0.0784,3.44,629.52,25,0.1406,1250.93,25.18,98.71,2024-03,10,1
2024-03-24,Lead Gen Spring,Organic,Southwest,7223,218,0.0303,4.4,959.2,19,0.0875,1648.59,50.48,71.87,2024-03,12,1
2024-08-12,Lead Gen Spring,Facebook,West,23987,630,0.0263,3.31,2085.3,18,0.0292,2037.83,115.85,-2.28,2024-08,33,1
2024-12-12,Retargeting Summer,Google Search,Southwest,927,77,0.0832,3.23,248.71,1,0.016,87.27,248.71,-64.91,2024-12,50,1
2024-05-25,Product Launch Oct,Instagram,Southwest,5557,155,0.0279,0.81,125.55,19,0.1286,1989.11,6.61,1484.32,2024-05,21,1
2024-05-02,Product Launch Oct,LinkedIn,Southeast,11328,323,0.0286,0.91,293.93,11,0.0362,370.46,26.72,26.04,2024-05,18,1
2024-07-07,Lead Gen Spring,Email,Southwest,8750,945,0.1081,2.85,2693.25,25,0.027,1455.33,107.73,-45.96,2024-07,27,1
2024-05-24,Back to School,Organic,Southwest,6949,56,0.0081,3.0,168.0,8,0.1465,467.89,21.0,178.51,2024-05,21,1
2024-08-02,Product Launch Oct,TikTok,West,13630,879,0.0645,3.75,3296.25,55,0.0629,5735.04,59.93,73.99,2024-08,31,1
2024-03-11,Product Launch Oct,Facebook,Southeast,9443,235,0.0249,4.33,1017.55,15,0.0662,625.64,67.84,-38.52,2024-03,11,1
2024-09-03,Holiday Push Q4,Email,Northeast,4718,42,0.0091,2.5,105.0,1,0.0363,39.89,105.0,-62.01,2024-09,36,1
2024-12-30,Brand Awareness Q1,YouTube,West,1557,87,0.056,2.29,199.23,5,0.0685,293.41,39.85,47.27,2024-12,1,1
2024-02-12,Retargeting Summer,Referral,Northeast,734,36,0.05,3.13,112.68,1,0.0371,53.65,112.68,-52.39,2024-02,7,1
2024-09-19,Back to School,Facebook,Midwest,4521,131,0.029,0.92,120.52,20,0.1553,1722.52,6.03,1329.24,2024-09,38,1
2024-04-23,Brand Awareness Q1,Facebook,Southwest,2737,166,0.061,3.01,499.66,13,0.0794,1028.33,38.44,105.81,2024-04,17,1
2024-07-31,Brand Awareness Q1,LinkedIn,Midwest,2537,165,0.0653,4.44,732.6,2,0.0143,198.33,366.3,-72.93,2024-07,31,1
2024-07-10,Product Launch Oct,Google Search,Southwest,3779,331,0.0878,3.55,1175.05,22,0.0673,1110.11,53.41,-5.53,2024-07,28,1
2024-07-10,Brand Awareness Q1,Instagram,Southwest,6499,374,0.0577,2.0,748.0,7,0.0189,608.77,106.86,-18.61,2024-07,28,1
2024-02-20,Retargeting Summer,Instagram,Northeast,3408,463,0.1359,4.14,1916.82,12,0.0268,1344.03,159.73,-29.88,2024-02,8,1
2024-01-20,Lead Gen Spring,YouTube,Southeast,1124,110,0.0983,4.36,479.6,4,0.0416,410.06,119.9,-14.5,2024-01,3,1
2024-03-12,Holiday Push Q4,Email,Southwest,1999,67,0.0339,1.17,78.39,4,0.0692,121.52,19.6,55.02,2024-03,11,1
2024-01-03,Product Launch Oct,LinkedIn,Southwest,13332,727,0.0546,3.87,2813.49,142,0.1966,8422.8,19.81,199.37,2024-01,1,1
2024-04-20,Retargeting Summer,Google Display,Northeast,2353,107,0.0455,3.76,402.32,5,0.0517,320.2,80.46,-20.41,2024-04,16,1
2024-11-07,Holiday Push Q4,Facebook,West,23676,2128,0.0899,0.87,1851.36,66,0.0311,4822.9,28.05,160.51,2024-11,45,1
2024-05-27,Brand Awareness Q1,Referral,Southwest,27731,892,0.0322,0.53,472.76,218,0.245,10275.82,2.17,2073.58,2024-05,22,1
2024-01-25,Brand Awareness Q1,Instagram,Midwest,39006,1681,0.0431,3.01,5059.81,55,0.0328,4871.93,92.0,-3.71,2024-01,4,1
2024-11-14,Holiday Push Q4,Instagram,Southwest,2175,1,0.0008,2.42,2.42,0,0.1212,0.0,39.925,-100.0,2024-11,46,0
2024-09-12,Brand Awareness Q1,LinkedIn,Northeast,5734,282,0.0493,2.36,665.52,20,0.0734,1512.81,33.28,127.31,2024-09,37,1
2024-11-19,Brand Awareness Q1,Organic,West,11431,1746,0.1528,2.29,3998.34,88,0.0505,9946.25,45.44,148.76,2024-11,47,1
2024-03-14,Lead Gen Spring,Referral,West,2791,51,0.0186,4.44,226.44,0,0.0113,0.0,39.925,-100.0,2024-03,11,0
2024-11-10,Brand Awareness Q1,Email,Southwest,8745,120,0.0138,2.96,355.2,12,0.1033,1426.34,29.6,301.56,2024-11,45,1
2024-08-01,Product Launch Oct,YouTube,Southeast,2460,270,0.11,1.46,394.2,11,0.0426,1193.97,35.84,202.88,2024-08,31,1
2024-07-03,Product Launch Oct,Facebook,Northeast,4450,223,0.0502,3.66,816.18,15,0.0684,900.43,54.41,10.32,2024-07,27,1
2024-09-16,Product Launch Oct,Google Display,West,2799,162,0.0582,2.13,345.06,6,0.0376,199.83,57.51,-42.09,2024-09,38,1
2024-07-18,Brand Awareness Q1,Referral,West,2368,153,0.0649,0.7,107.1,9,0.0641,239.51,11.9,123.63,2024-07,29,1
2024-07-17,Holiday Push Q4,LinkedIn,Northeast,20355,1312,0.0645,0.55,721.6,2,0.002,180.04,360.8,-75.05,2024-07,29,1
2024-01-09,Holiday Push Q4,YouTube,Midwest,33229,1279,0.0385,3.99,5103.21,30,0.0242,1471.62,170.11,-71.16,2024-01,2,1
2024-05-03,Retargeting Summer,YouTube,Northeast,5119,274,0.0536,2.32,635.68,8,0.0301,268.0,79.46,-57.84,2024-05,18,1
2024-06-19,Holiday Push Q4,Google Display,West,18485,560,0.0303,3.38,1892.8,31,0.0557,1463.22,61.06,-22.7,2024-06,25,1
2024-10-06,Retargeting Summer,Facebook,Northeast,22859,260,0.0114,1.01,262.6,14,0.0565,563.94,18.76,114.75,2024-10,40,1
2024-08-25,Holiday Push Q4,YouTube,Southeast,16903,953,0.0564,2.55,2430.15,92,0.0975,6608.67,26.41,171.94,2024-08,34,1
2024-02-02,Lead Gen Spring,LinkedIn,Southeast,12571,329,0.0262,2.11,694.19,27,0.0827,2711.49,25.71,290.6,2024-02,5,1
2024-04-13,Retargeting Summer,LinkedIn,Northeast,400,16,0.0407,1.73,27.68,0,0.0305,0.0,39.925,-100.0,2024-04,15,0
2024-06-10,Brand Awareness Q1,Google Search,Southeast,473,27,0.0578,1.47,39.69,4,0.1718,108.04,9.92,172.21,2024-06,24,1
2024-10-05,Back to School,Email,West,27248,983,0.0361,0.71,697.93,66,0.0674,6181.23,10.57,785.65,2024-10,40,1
2024-11-27,Brand Awareness Q1,LinkedIn,Midwest,3650,235,0.0645,2.47,580.45,23,0.099,2109.74,25.24,263.47,2024-11,48,1
2024-01-25,Retargeting Summer,Instagram,Midwest,13940,190,0.0137,1.11,210.9,23,0.1213,744.3,9.17,252.92,2024-01,4,1
2024-07-07,Brand Awareness Q1,YouTube,Midwest,2243,146,0.0655,2.37,346.02,3,0.026,122.91,115.34,-64.48,2024-07,27,1
2024-08-13,Holiday Push Q4,TikTok,Southwest,210,33,0.1584,0.7,23.1,2,0.0764,208.85,11.55,804.11,2024-08,33,1
2024-09-11,Lead Gen Spring,TikTok,Midwest,15345,481,0.0314,1.52,731.12,22,0.0474,1619.95,33.23,121.57,2024-09,37,1
2024-05-16,Product Launch Oct,LinkedIn,Midwest,5890,830,0.141,1.78,1477.4,8,0.0108,216.71,184.68,-85.33,2024-05,20,1
2024-08-08,Brand Awareness Q1,Google Display,Southwest,9906,525,0.053,4.25,2231.25,84,0.1601,3770.26,26.56,68.98,2024-08,32,1
2024-05-30,Product Launch Oct,Organic,Southeast,2317,115,0.0497,3.1,356.5,3,0.0319,216.51,118.83,-39.27,2024-05,22,1
2024-06-16,Brand Awareness Q1,YouTube,Northeast,3622,56,0.0157,1.97,110.32,4,0.0834,172.35,27.58,56.23,2024-06,24,1
2024-11-04,Back to School,Email,Midwest,2881,61,0.0212,4.44,270.84,1,0.0258,77.64,270.84,-71.33,2024-11,45,1
